/*
SQLyog Community Edition- MySQL GUI v6.16 RC2
MySQL - 5.0.19-nt : Database - xh_maain
*********************************************************************
*/

/*!40101 SET NAMES utf8 */;

/*!40101 SET SQL_MODE=''*/;

create database if not exists `xh_maain`;

USE `xh_maain`;

/*!40014 SET @OLD_FOREIGN_KEY_CHECKS=@@FOREIGN_KEY_CHECKS, FOREIGN_KEY_CHECKS=0 */;
/*!40101 SET @OLD_SQL_MODE=@@SQL_MODE, SQL_MODE='NO_AUTO_VALUE_ON_ZERO' */;

/*Table structure for table `content` */

DROP TABLE IF EXISTS `content`;

CREATE TABLE `content` (
  `cid` int(10) unsigned NOT NULL,
  `brief` varchar(200) default NULL,
  `content` varchar(3000) default NULL
) ENGINE=MyISAM DEFAULT CHARSET=utf8;

/*Data for the table `content` */

insert  into `content`(`cid`,`brief`,`content`) values (1,'11','11'),(2,'22','22'),(3,'33','33'),(4,'44','44'),(5,'55','55'),(6,'66','66'),(8,'123','123'),(9,'123','1234');

/*Table structure for table `message` */

DROP TABLE IF EXISTS `message`;

CREATE TABLE `message` (
  `time` varchar(30) default '0000-00-00',
  `content` varchar(100) default NULL,
  `permission` enum('公开','私密') default '公开',
  `username` varchar(20) default NULL,
  `id` int(10) NOT NULL auto_increment,
  UNIQUE KEY `id` (`id`)
) ENGINE=MyISAM DEFAULT CHARSET=utf8;

/*Data for the table `message` */

insert  into `message`(`time`,`content`,`permission`,`username`,`id`) values ('2010-07-26 14:41','11111112222444','私密','',1),('2010-07-26 14:47','2222223333','私密','',2),('2010-07-26 14:47','33333333333','公开','',3),('2010-07-26 14:51','444465','公开','',4),('2010-07-26 14:58','55555555555','公开','',5),('2010-07-26 14:58','6666666666','公开','',6),('2010-07-26 15:14','1212','公开','',7),('2010-07-26 15:15','12312312','公开','',8),('2010-07-26 16:19','99999999','私密','',9),('2010-07-26 16:20','99999999','私密','123',10),('2010-07-26 16:37','123123123','公开','123',13),('2010-07-26 16:22','wasdasd','公开','aaa',12),('2010-07-26 16:37','123123123','公开','',14),('2010-07-26 16:49','123123123123123123123123123123','公开','123',15),('2010-07-26 16:52','123123','公开','111',16),('2010-07-26 16:53','123123131231231231','公开','111',17),('2010-07-26 17:04','123123123123123','公开','123',20),('2010-07-26 17:05','zzzz','公开','zzz',21),('2010-07-26 17:10','asdasdasdfdgdf','公开','vvv',22),('2010-07-26 17:15','ggggg','公开','ggg',24),('2010-07-26 17:36','12312312vcvvc','公开','rrr',25),('2010-07-26 17:48','fffff','','fff',26),('2010-07-26 17:49','wqqweqweq','','fff',27),('2010-07-26 17:49','hhhhh','公开','h',28),('2010-07-26 17:55','1111','公开','1111',29),('2010-07-26 17:56','1111111111','公开','1111',30),('2010-07-26 17:56','222223333','公开','1111',31),('2010-07-26 17:56','222222222244444','公开','1111',32);

/*Table structure for table `news` */

DROP TABLE IF EXISTS `news`;

CREATE TABLE `news` (
  `id` int(10) NOT NULL auto_increment,
  `title` varchar(50) NOT NULL,
  `author` varchar(50) NOT NULL,
  `time` varchar(30) default NULL,
  PRIMARY KEY  (`id`)
) ENGINE=MyISAM DEFAULT CHARSET=utf8;

/*Data for the table `news` */

insert  into `news`(`id`,`title`,`author`,`time`) values (1,'11','11','2010-07-26 10:43'),(2,'22','22','2010-07-26 10:44'),(3,'33','33','2010-07-26 10:44'),(4,'44','44','2010-07-26 10:44'),(5,'55','55','2010-07-26 10:44'),(6,'66','66','2010-07-26 10:44'),(8,'123','123','2010-07-26 17:51'),(9,'1','12','2010-07-26 17:51');

/*Table structure for table `user` */

DROP TABLE IF EXISTS `user`;

CREATE TABLE `user` (
  `username` varchar(20) NOT NULL,
  `password` varchar(20) NOT NULL,
  `sex` enum('男','女','保密') default '保密',
  `info` varchar(100) default NULL,
  PRIMARY KEY  (`username`)
) ENGINE=MyISAM DEFAULT CHARSET=utf8;

/*Data for the table `user` */

insert  into `user`(`username`,`password`,`sex`,`info`) values ('123','123','男','123'),('111','111','保密','111'),('aaa','aaa','女','aaa'),('zzz','zzz','男','zzzz'),('vvv','vvv','男','vvv'),('ggg','ggg','男','ggg'),('rrr','rrr','女','rr'),('fff','fff','女','fff'),('h','h','男','h'),('1111','1111','保密','1111');

/*Table structure for table `xh_addonarticle` */

DROP TABLE IF EXISTS `xh_addonarticle`;

CREATE TABLE `xh_addonarticle` (
  `aid` mediumint(8) unsigned NOT NULL default '0',
  `typeid` smallint(5) unsigned NOT NULL default '0',
  `body` mediumtext,
  `redirecturl` varchar(255) NOT NULL default '',
  `templet` varchar(30) NOT NULL default '',
  `userip` char(15) NOT NULL default '',
  PRIMARY KEY  (`aid`),
  KEY `typeid` (`typeid`)
) ENGINE=MyISAM DEFAULT CHARSET=utf8;

/*Data for the table `xh_addonarticle` */

insert  into `xh_addonarticle`(`aid`,`typeid`,`body`,`redirecturl`,`templet`,`userip`) values (59,2,'<div style=\"word-wrap:break-word;word-break:break-all\">\n			  	   丈夫叹道：“唉，我的体质越来越差了。”&nbsp;<br>妻子挖苦他：“野猪能活50年，而家猪只有5年寿命；野狗能活20年，而家犬只有8年寿命，生命在于运动嘛，谁叫你一天到晚像乌龟一样缩着不动！”&nbsp;<br>丈夫听了反问道：“亲爱的，请问乌龟能活多少年？”&nbsp;<br>&nbsp;<br>		\n                                </div>','','',''),(60,2,'<div style=\"word-wrap:break-word;word-break:break-all\">\n			  	   有一个新来的太监怕睡着了听不见皇上的吩咐又怕耽误皇上和娘娘的好事自作主张藏在了床底下。&nbsp;<br><br>第二天早上被发现。&nbsp;<br><br>皇上道:“好你个奴才在朕的床底下待了几个时辰？”<br><br>太监跪倒在地答道:回皇上的话奴才在床下过了五更天。&nbsp;<br><br>“你都听到了什么？”&nbsp;<br><br>一更天您和娘娘在赏画。&nbsp;<br><br>“此话怎讲？”&nbsp;<br><br>听您和娘娘说……“来让我看看双峰秀乳。”&nbsp;<br><br>“二更天呢？”&nbsp;<br><br>“二更天您好像掉地下了。”&nbsp;<br><br>“此话怎讲。”&nbsp;<br><br>“听娘娘说:你快上来呀！”&nbsp;<br><br>“三更天呢?\"你们好像在吃螃蟹。”&nbsp;<br><br>“此话怎讲？”&nbsp;<br><br>“听您在说:把腿掰开!”&nbsp;<br><br>“四更天呢？”&nbsp;<br><br>“四更天好像您的岳母大人来了。？&nbsp;<br><br>“此话怎讲？”&nbsp;<br><br>“奴才听见娘娘高声喊道:\"哎呀我的妈呀哎呀我的妈呀!!!!”&nbsp;<br><br>“五更天呢？”&nbsp;<br><br>“您跟娘娘在下象棋。”&nbsp;<br><br>“此话怎讲？”&nbsp;<br><br>奴才听娘娘说:“再来一炮再来一炮!!!!”		\n                                </div>','','',''),(61,2,'<div style=\"word-wrap:break-word;word-break:break-all\">\n			  	   女人入洞房那天，早早收起了自己的鞋，等男人脱鞋上炕，女人却双脚踩在男人的鞋上。男人见了，“嘿嘿”笑着说，还挺迷信。女人却认真地说，俺娘说了，踩了男人的鞋，一辈子不受男人的气。男人说，俺娘也说了，女人踩了男人的鞋，那是一辈子要跟男人吃苦受罪的。 <br>\n<br>\n女人开始试探着管男人，先从生活小事儿开始，支使男人拿尿盆倒尿罐，男人全干了。地里的庄稼女人说种啥，男人就种啥。左邻右舍女人说跟谁走近点跟谁走远点，男人全听女人的。男人正跟人闲侃，女人一声喊，男人像被牵了鼻子的牛，乖乖就回去了。<br>\n<br>\n男人正跟人喝酒，女人上前只扯一下耳朵，就被拽进家。有人激男人，这女人三天不打，她就上房揭瓦。你也算个男人，怎能让女人管得没有一点男人的气概？若是我的女人，非扇她两鞋底不可。男人不急不慌地说：把你的女人叫来，我也舍得扇她两鞋底子。那人急了，你懂个好赖话不？上辈子老和尚托生的没见过女人！真不像你爹的种，怕老婆！　　　 <br>\n<br>\n村里人再有大事商量，男人一出场，人们就说，这商量大事你也做不了主，还是把你家女人请来吧。男人还真把女人叫来了。　　 <br>\n<br>\n女人能管住男人觉着很得意，直到有一天女人在男人耳边说起了婆婆的不是。男人红了眼，一声吼，想知道我为啥不打你吗？就因为我老娘。我娘一辈子不容易，我爹脾性暴躁，稍有不顺心，张口就骂举手就打，我爹打断过胳膊粗的棍子，打散过椅子。我娘为了我们几个孩子，竟熬了一辈子。每次见娘挨打，我都发誓，我娶了女人决不捅他一指头。不是我怕你，是我忘不了我老娘说的话，她说女人是被男人疼的，不是被男人打的。　　　　 <br>\n<br>\n女人惊呆了，她没想到男人的胸怀竟这样宽广。　　　　 <br>\n<br>\n男人在外再同人神吹海喝，女人不喊也不再拽耳朵，有时会端碗水递给男人。有人问男人，咋调教的？男人却一本正经地说：打出来的女人嘴服，疼出来的女人心服。 <br>\n<br>\n看完了,你从中领悟到了那个朴实的道理了吗? <br>\n<br>\n祝天下所有的母亲和被爱着的女人...幸福.快乐<br>\n<br>\n		\n                                </div>','','',''),(62,2,'<div style=\"word-wrap:break-word;word-break:break-all\">\n			  	   有一对夫妻，刚刚结婚不久，还不想要孩子，但不懂怎样避孕，就向医生求助。医生给了他们避孕套。夫妻高高兴兴回家了。<br><br>过了几个月，妻子怀孕了。丈夫很生气就找到了医生大闹一顿。医生很纳闷，问：“你是怎么用的？”他说：“我一顿给我妻子吃两个呢！”		\n                                </div>','','',''),(63,2,'<div style=\"word-wrap:break-word;word-break:break-all\">\n			  	   夜晚，两夫妇正熟睡。<br><br>突然妻子在梦中大叫道：“不好，我丈夫回来了！”&nbsp;<br><br>丈夫被惊醒，想也来不及想，立即从窗口跳了出去。		\n                                </div>','','',''),(64,2,'<div style=\"word-wrap:break-word;word-break:break-all\">\n			  	   有一个人想尝试新奇的事,便跑到情趣商品店买彩色的保险套他看到两个彩色的套子,一个是黑色的,一个外型像是米老鼠他决定买那个黑色的回家,并跟太太大战了几回合不过那个套子并没发生什作用,后来他太太怀孕了经过九月之后生下小&nbsp;baby,再经过&nbsp;6&nbsp;年之后孩子长大了这个小孩有一天问他老爸:&nbsp;“为什么哥哥姊姊的肤色都是白的而我却是黑的?”&nbsp;爸爸回答道:“孩子,你没长得像米老鼠就该谢天谢地了”		\n                                </div>','','',''),(65,2,'<div style=\"word-wrap:break-word;word-break:break-all\">\n			  	   新婚之夜，不安的新娘告诉新郎，<br><br>她有事要向他忏悔。<br><br>新郎说：<br><br>“亲爱的，没关系，我知道你跳过脱衣舞。”<br><br>新娘说：“可是，我要忏悔的是在之前的事。”<br><br>新郎问：<br><br>“难道你要说你以前放荡不羁，非常不自爱吗？”<br><br>新娘说：<br><br>“是的，在我还没经过变性手术之前....”		\n                                </div>','','',''),(66,2,'<div style=\"word-wrap:break-word;word-break:break-all\">\n			  	   在车站的月台上，一对夫妻正在互相埋怨。丈夫望着已经开出的次车对妻子说：“都怪你！要不是你一个劲地磨蹭，我们满可以坐上这趟火车。”&nbsp;<br><br>“都怪你！”妻子回敬道，“要不是你一个劲地催命，我们满可以不用花好多时间等下趟火车。”		\n                                </div>','','',''),(67,2,'<div style=\"word-wrap:break-word;word-break:break-all\">\n			  	   丈夫向妻子抱怨:你买那么贵的胸罩干嘛?你根本没什么胸部嘛!?&nbsp;<br><br>妻子非常生气的答道:照这么说你买内裤的钱都可以统统省下来啦!!&nbsp;<br><br>丈夫:@<br>%!?……		\n                                </div>','','',''),(68,2,'<div style=\"word-wrap:break-word;word-break:break-all\">\n			  	   江西两家中药铺联姻，男姓龙，女姓陈。&nbsp;<br><br>有一熟稔男女两家的落地书生，虽想说家中没钱，但不去赴宴，又说不过去。只好硬着头皮前去观礼。&nbsp;<br><br>然而，看着他人所送的贺礼，实在不好意思，想说就此拜别；但双方的家长冲着交情，硬是要这书生留下合宴。&nbsp;<br><br>耳热酒酣之际，家长就说话了：&nbsp;<br><br>“即然你有读过书，写幅联就当贺礼好了！”&nbsp;<br><br>书生一听，就说：&nbsp;<br><br>“即然都是开药铺的，那就用两家的姓、药引、药性出对好了。”&nbsp;<br><br>可是，书生写了对联、横批后，结果是哄堂大笑！闹着新人赶快入洞房——&nbsp;<br><br>上联：陈皮两片，去痰消肿既解渴；&nbsp;<br><br>下联：龙骨一根，退烧止痒又生津。&nbsp;<br><br>横批：进出得宜。		\n                                </div>','','',''),(69,2,'<div style=\"word-wrap:break-word;word-break:break-all\">\n			  	   一个女孩给老公看的,女孩就别看了,免得你们家男人有麻烦,HOHO<br>\n1、老公,你要努力挣钱。钱这个东西,不能少得来让我们整日为生计发愁,最好也不能多得来需要别的女人帮着花。<br>\n2、请给我关爱、信任、尊重和自由。<br>\n <br>\n3、你要加强锻炼,强健身体,好在我们共同返家的夜晚,一口气抱我上到五楼的家门,我渴望每天都能做你的新娘。<br>\n <br>\n4、请善待我的家人,一如对你自己的亲人。<br>\n <br>\n5、至少每天对我说三次\"我爱你!\",在清晨醒来时、下班回家时、晚上钻进被窝时。<br>\n <br>\n6、在我身体不适的时候,你要扮成一个大夫,摸摸我的额头、量量我的体温,然后再把我送到真正的大夫那里去吃药、打针。<br>\n <br>\n7、突然把礼物送到我的单位,让所有人都知道你对我的爱。<br>\n <br>\n8、在我心情遭透,蛮横发脾气的时候,老公,请拥吻我,而不是和我理论。<br>\n <br>\n9、永远不要对我有破口大骂的样子,因为你说过我是你最疼爱的人。<br>\n <br>\n10、请在你有空的时候,为我做一顿香喷喷的饭菜,并在桌子那端深情款款地把我凝望。<br>\n <br>\n11.每天下班后尽量回家吧,公事需要应酬,老婆也同样需要。<br>\n <br>\n12.你出差时,希望不会出现传呼、手机同时没电的现象,如果能频频主动打电话问我\"吃了没有?\"并随时汇报行踪则更好。<br>\n <br>\n13. 周末和我一起做做家务吧!我喜欢两个人挽起衣袖,一边做事、一边唱歌的感觉。<br>\n <br>\n14.请你记住5大纪念日:老婆的生日、初次见面纪念日、结婚纪念日、情人节和三八妇女节。<br>\n <br>\n15.请你记住3大纪念地:初识纪念地、第一次亲密接触纪念地、求婚纪念地。<br>\n <br>\n16.请你记住5件大事:老婆最爱吃的食物、老婆最喜欢的颜色、老婆最爱的花卉、老婆最常用的香水、老婆最爱听的歌。<br>\n <br>\n17.请每周陪我做一次远距离散步:每两周带我去茶楼或酒吧会一会朋友;每两月和我手拉手去看一场电影;每年至少安排和我旅游一次。<br>\n <br>\n18. 让我每晚枕着你的情话入眠。<br>\n <br>\n19. 或者在半夜三更搂紧我讲鬼故事。<br>\n <br>\n20.向新朋友介绍我时,请搂着我的腰,而不是站在一旁用手指点。<br>\n <br>\n21.在街上遇见美女凝视时间不超过5秒,并迅速指出那位美女与我相比较的美中不足。<br>\n <br>\n22.看过电影《一声叹息》,请谈谈对男主角这段表白的深刻体会:\"婚外恋这事儿,哪怕对方是个小仙女,也千万别去碰!\"<br>\n <br>\n23.我身上有很多缺点,我已经够苦恼了,请不必随时向我提醒。<br>\n <br>\n24.我身上有很多优点,有些连自己也不清楚,请随时大声地告诉我。<br>\n <br>\n25.没有我的父母,哪回有我?所以,你对他们要心存感激和尊敬。<br>\n <br>\n26.逛街时请不要恶意地把商场说成铁钩工厂,因为你自己也有被家电部或体育部长时间钩住的时候。<br>\n <br>\n27.虽然你对那些美丽迷人的女明星们了如指掌,但在我问到你时,仍然希望得到这样的回答:\"舒奇是谁?布兰妮是不是打网球的那个?\"<br>\n <br>\n28.请不要偷看我过去的日记和情书,那些与你无关,更不要因此吃飞醋,这无异与自己往醋缸里跳。<br>\n <br>\n29、请不要反对我看肥皂剧,如果我流泪,不能嘲笑,因为你看中国足球队比赛输了时,眼眶红红,我也没有嘲笑。<br>\n <br>\n30、请不要自做多情,觉得很多女人对你有意思,还拿到我面前炫耀。就像对面新搬来的那个女孩,你总说别人爱趴在阳台上看你,后来我们都知道了,她是个斗鸡眼,这次教训请你记牢。<br>\n <br>\n31、虽然你有裸睡的习惯,但这也不能成为一条内裤可以穿两天的理由。<br>\n <br>\n32、希望你还保留一些厚颜,领着我看了一场又一场电影,就是不让我回家。<br>\n <br>\n33、如果我做错了事,心里已经很难过,请主动承担起你应该甚至不应该承担的责任吧,你宽广的胸怀才是我永远停靠的港湾。<br>\n <br>\n34、老婆工作不顺心,你要循循善诱、帮忙分析,提出建设性方案若干。<br>\n <br>\n35、老婆取得进步,获得表扬或晋升,你要欢呼雀跃、与我同庆,并指出老婆取得成功的内因若干,极尽赞美。<br>\n <br>\n36、请记住老婆烫的一头栗色头发是时尚而不是麦穗。<br>\n <br>\n37、老婆穿上透视装是性感而不是发烧。<br>\n <br>\n38、老婆涂脂抹粉是艳惊四座而不是妖魔鬼怪。<br>\n <br>\n39、老婆穿厚底鞋是锦上添花而不是先天不足。<br>\n <br>\n40、老婆说粗话是率直可爱而不是没教养。<br>\n <br>\n41、老婆不讲理是撒娇发嗲而不是撒野耍泼。<br>\n <br>\n42、老婆粉拳打来是爱你而不是扁你。<br>\n <br>\n43、老婆财权大揽是善于管理而不是抠门小气。<br>\n <br>\n44、最主要一点,老婆永远是对的,因为老婆爱你<br>\n<br>\n		\n                                </div>','','',''),(70,2,'<div style=\"word-wrap:break-word;word-break:break-all\">\n			  	   &nbsp;&nbsp;&nbsp;&nbsp;在外地出差的丈夫回到家后发现妻子和她的情人在聊天。而且妻子的情人表明他很爱她，她也很爱他。丈夫很生气决定和他决斗。两人到了另外一个屋子里，丈夫说：“我们都朝空中开一枪，然后倒在地上。她进屋后先跑向谁谁就拥有她.”两人商量好后向空中开了一枪。&nbsp;<br>　　妻子推门进来，看见两人躺在地上，跑向大衣柜说：“亲爱的出来吧，他们俩个都死了。”&nbsp;&nbsp;<br>		\n                                </div>','','',''),(71,2,'<div style=\"word-wrap:break-word;word-break:break-all\">\n			  	   某男久不行房,妻很难受。一日他要妻脱光倒立镜前,妻大喜照办。他将妻双腿分开，将自己下巴放于妻阴部后问妻：我留胡子好看吗？		\n                                </div>','','',''),(72,2,'<div style=\"word-wrap:break-word;word-break:break-all\">\n			  	   夜深了，夫妇两早已入睡。妻子突然做了个梦，她惊慌地推醒丈夫：“你快走，我丈夫回来了！”&nbsp;<br>丈夫大吃一惊，说道：“真倒霉，我这就走！”说完就跳上了窗户……&nbsp;&nbsp;<br>		\n                                </div>','','',''),(73,2,'<div style=\"word-wrap:break-word;word-break:break-all\">\n			  	   新娘守则&nbsp;<br><br>一、含蓄矜持，谦卑有礼，&nbsp;<br><br>不得有拍手大笑健步如飞之行为。&nbsp;<br><br>二、听到黄色笑话，一律装作不懂，&nbsp;<br><br>不得有恍然大悟连呼\"安可\"之行为。&nbsp;<br><br>三、婚礼上饮酒，以三小杯为限，&nbsp;<br><br>不得有豪兴大发与来宾划酒拳之行为。&nbsp;<br><br>四、忍受新郎与自己之装扮，&nbsp;<br><br>不得自认有沐猴而冠伸手遮脸之行为。&nbsp;<br><br>五、即使汗流浃背，亦要装作若无其事，&nbsp;<br><br>不得有撩起长裙猛吹电风扇之行为。&nbsp;<br><br>六、来宾致辞祝贺新人多子多孙时，&nbsp;<br><br>不得有摇头反对出声抗议之行为。&nbsp;<br><br>七、坐于定位，&nbsp;<br><br>不得有自由行动查看签到簿上礼金多寡之行为。&nbsp;<br><br>八、专心应酬，&nbsp;<br><br>不得有于假发或头套中暗藏随身听之行为。&nbsp;<br><br>九、体贴新郎辛劳，&nbsp;<br><br>不得有于新婚夜强迫对方履行夫妻义务之行为。&nbsp;<br><br>十、婚礼隔日早晨应保持精神饱满，&nbsp;<br><br>不得有气若游丝引人遐想之行为。		\n                                </div>','','',''),(74,2,'<div style=\"word-wrap:break-word;word-break:break-all\">\n			  	   妻子抱怨晚上太冷，买了一床电热毯，但丈夫伯不安全，经过半天时间解释，他才肯睡这床电热毯。<br><br>在睡前，妻子在烤箱里放了一块火腿，用低温烤着，以便早上起来不必赶做早点。<br><br>到午夜后，一阵肉香飘人卧室，丈夫从梦中惊醒，跳起来，摇醒妻子说：“亲爱的，快醒来，我们被烤熟了。”		\n                                </div>','','',''),(75,2,'<div style=\"word-wrap:break-word;word-break:break-all\">\n			  	   丈夫见妻子满面愁容就关切的问道：“哦！亲爱的你怎么了？”<br><br>“我很忧愁。”妻子回答道。<br><br>“为什么呢？”丈夫愈加惊讶。<br><br>妻子回答：“我不知道你会陪我一起到什么时候？”<br><br>丈夫温柔的看着妻子说道：“你放心吧！我会陪你到天荒地老。”<br><br>“这正是我担心的事情。”妻子叹气道。		\n                                </div>','','',''),(76,2,'<div style=\"word-wrap:break-word;word-break:break-all\">\n			  	   A教授从研究室回到家中，见桌上装饰着很大的一束花，他就问夫人：“今天是什么日子？”&nbsp;<br><br>“呀？你忘了么？今天是你的结婚纪念日啊。”&nbsp;<br><br>他听了，微微一笑：“原来如此，谢谢你！到了你的结婚日，我也买一个大花束来祝贺你。”		\n                                </div>','','',''),(77,2,'<div style=\"word-wrap:break-word;word-break:break-all\">\n			  	   母鸡对公鸡每天天不亮就叫，吵得睡不着觉，早就不满了。&nbsp;<br><br>母鸡对公鸡说：“现在的科学证明，太阳并不是你喊才出的，你天天早上喊空口号，你烦不烦人。”&nbsp;<br><br>公鸡反驳道：“你不喊口号，那是你的嗓子没我的好，不嘹亮。”&nbsp;<br><br>母鸡说：“俗话说得好，叫鸡公不下蛋。你呀，要多学习一点东西，多做点实事。”&nbsp;<br><br>公鸡说：“你怎么还是老观念，现在医学发达了，你肚子里的货，实际是我给你的。没有我，你肚子能有什么货。你干什么实事？不就是下下鸡蛋嘛，这蛋在肚子里不下来行吗？那憋得多难受，跟我拉屎一样，拉下来就舒服了。”&nbsp;<br><br>母鸡反驳道：“是你的货，那你下个鸡蛋给我看看。”&nbsp;<br><br>公鸡不紧不慢地说：“有成语为证，这叫借鸡下蛋，你懂不懂，我公鸡忙不过来，借你母鸡下蛋而已。”&nbsp;<br>		\n                                </div>','','',''),(78,2,'<div style=\"word-wrap:break-word;word-break:break-all\">\n			  	   &nbsp;&nbsp;&nbsp;&nbsp;&nbsp;一、许多在别人看来不般配的一对，其实很幸福；许多在别人看来很般配的一对，往往很痛苦。<br>&nbsp;&nbsp;&nbsp;&nbsp;&nbsp;&nbsp;二、好姑娘和好看的姑娘并不是一码事，记住这一点，也许你就不至于过分地挑剔对方的肤色、脸蛋和线条。<br>&nbsp;&nbsp;&nbsp;&nbsp;&nbsp;&nbsp;三、为什么有的漂亮的小伙子得不到漂亮姑娘的青睐？回答是：因为这个小伙子仅仅是漂亮。<br>&nbsp;&nbsp;&nbsp;&nbsp;&nbsp;&nbsp;四、有时爱情的缺陷不是来自对方，而是来自旁观者的闲话。<br>&nbsp;&nbsp;&nbsp;&nbsp;&nbsp;&nbsp;五、奇怪的是，许多择偶条件相当优越的人，往往是终身品尝爱情苦果的人。<br>&nbsp;&nbsp;&nbsp;&nbsp;&nbsp;&nbsp;六、在恋爱时，男女双方或许有这样的心理：换一个或许比身边这一个更可取。其实，对那另一个你并不了解，真正相处起来，也许还没有身边这个可爱。<br>&nbsp;&nbsp;&nbsp;&nbsp;&nbsp;&nbsp;七、爱情是一种感情，也是一种理智，它的魅力或许正在于两者的巧妙结合。<br>&nbsp;&nbsp;&nbsp;&nbsp;&nbsp;&nbsp;八、月光下令人倾心的东西，未必在白日里使人陶醉，爱情亦然。<br>&nbsp;&nbsp;&nbsp;&nbsp;&nbsp;&nbsp;九、有趣的是，婚后生活的美满程度，往往同婚前对它想象中的美满程度成反比。<br>&nbsp;&nbsp;&nbsp;&nbsp;&nbsp;&nbsp;十、爱情是什么？有人说：1+1＞2，你同意吗？<br>&nbsp;&nbsp;&nbsp;&nbsp;&nbsp;&nbsp;十一、上帝安排一门好亲事，就如同把红海分成两半一样难。<br>&nbsp;&nbsp;&nbsp;&nbsp;&nbsp;&nbsp;十二、当一个老头子娶了年轻的妻子时，他变得年轻了——她却衰老了。<br>&nbsp;&nbsp;&nbsp;&nbsp;&nbsp;&nbsp;十三、可以少爱我一些——但要长久些。<br>&nbsp;&nbsp;&nbsp;&nbsp;&nbsp;&nbsp;十四、爱人类是容易的，爱一个人却很难。<br>&nbsp;&nbsp;&nbsp;&nbsp;&nbsp;&nbsp;十五、在与某人结婚之前，应该很好地了解一下对方；而要很好地了解对方，则首先就要和他（她）结婚。<br>&nbsp;&nbsp;&nbsp;&nbsp;&nbsp;&nbsp;十六、当恋人在天边时，心痛；当恋人在身边时，头痛。<br>&nbsp;&nbsp;&nbsp;&nbsp;&nbsp;&nbsp;十七、一位绅士在出差的路上写信道：“亲爱的，我昨天又一次坚信，比你更好的女人再也没有了。”<br>&nbsp;&nbsp;&nbsp;&nbsp;&nbsp;&nbsp;十八、假如你不知道自己的丈夫到哪儿去了，你不必着急，因为你一旦知道后会更着急。<br>&nbsp;&nbsp;&nbsp;&nbsp;&nbsp;&nbsp;十九、不爱丈夫的妻子欺骗他的方法，就是不公开背叛他。<br>&nbsp;&nbsp;&nbsp;&nbsp;&nbsp;&nbsp;二十、凡事有度。掌握爱情的度，也就是让热恋的温度始终保持在9O℃左右。偶尔升到120℃，未尝不可，但要适当降温。有变化，有起伏，才能使这样的爱既甜蜜又能永恒。<br>&nbsp;<br>		\n                                </div>','','',''),(79,2,'<div style=\"word-wrap:break-word;word-break:break-all\">\n			  	   夫妻吵架互不相让，最后丈夫勃然大怒说：“你快滚！把所有属<br><br>于你的东西都带走！”妻子流着泪收拾好自己的行李，又把一只大<br><br>麻袋往丈夫身边一扔说：“你钻进去！”丈夫吃了一惊，急问：“你要<br><br>于什么？”<br><br>“你也是属于我的，快钻进去！”妻子向丈夫吼道。		\n                                </div>','','',''),(80,2,'<div style=\"word-wrap:break-word;word-break:break-all\">\n			  	   “你有多爱我？”<br><br>“一毛钱之多。”<br><br>“只有这么一点么？”<br><br>“一毛钱不就是‘十分’吗？”		\n                                </div>','','',''),(81,2,'<div style=\"word-wrap:break-word;word-break:break-all\">\n			  	   女生不小心摸到男生的“那个”，於是就不好意思的问：“这是什么呀？”那男的回答：“本钱呀！”於是他们又接著继续温存。那男的不小心摸到女的“那个”，於是就不好意思的问：“这是什么呢？”那女的回答：“店面呀！”那男的就很高兴的说：“太好了！你有店面，我有本钱，我们一起来做生意吧！！”於是乎他们早也干晚也干，一天三餐，外加消夜及点心。最後那男的终於受不了而抗议说：“这太不公平了！我的本钱越做越小，而你的店面却越开越大！”		\n                                </div>','','',''),(82,2,'<div style=\"word-wrap:break-word;word-break:break-all\">\n			  	   一个名叫詹母斯的男仆为一对富有的夫妇做事。妻子非常漂亮，比丈夫要年轻许多。一天晚上他们告诉詹姆斯他们要出去很晚，但妻子孤身一人比预订时间早就回家了。&nbsp;<br>“詹姆斯，”她说，“到我房间来。”他跟着走了进去。她关上房门，说到：“把我的衣服脱下来。”他照做了。“现在，把我的袜子脱下来，”她接着说。他将长袜卷了下来。“脱掉我的内衣。”他将那些也都脱了下来。&nbsp;<br>“现在，詹姆斯，”她盯着他的眼睛说，“不要让我再逮着你穿我的衣服！”&nbsp;&nbsp;<br>		\n                                </div>','','',''),(83,2,'<div style=\"word-wrap:break-word;word-break:break-all\">\n			  	   一位新婚军人写信给他的太太说：&nbsp;<br>假如能的话，你下礼拜来看我吧。我生理上感到需要，而且也缺钱用，所以请你带一百块来。&nbsp;<br>Ps：若不能来就寄两百块给我。&nbsp;&nbsp;<br>		\n                                </div>','','',''),(84,2,'<div style=\"word-wrap:break-word;word-break:break-all\">\n			  	   半夜偷偷下A片时被老婆撞见了 <br>\n上网时经常会遇到一些撩人的广告链接,不过打开时,不是有病毒就是要用手机注册,世界上没有免费的午餐,时间久了自然就不太相信那些链接了。<br>\n<br>\n有一次,是在一个论坛上,看到一个撩人的帖子:“一群青春玉女,赤身裸体,三点全露,年龄绝不超过20岁,风吹欲破的肌肤,活泼自然的表情,让人欲罢不能……绝无病毒,无需注册。”不禁怦然心动,于是悄悄记下了下载地址,等到晚上,老婆和快到周岁的孩子全睡了,才小心翼翼地打开链接,果然无需注册,有300多兆的内容,好家伙,是一部长片啊!我的机子比较老,不过我有耐心等,我冲了杯咖啡,点了根烟,时间一分一秒地过去,屏幕上小纸片一张一张地飞,我似乎看到了一个个美女。<br>\n<br>\n整整用了一个多小时,眼看着片子就要下载完了。<br>\n<br>\n“半夜了,怎么还不睡啊?”不知什么时候老婆进了书房,吓了我一大跳,真想立即就关掉那个页面,可又舍不得,毕竟用了我一个多小时的时间啊。<br>\n<br>\n老婆看出了我的异常,干脆走近了电脑:“搞什么名堂?”屏幕上出现了对话框:“是否打开?”我正想解释,老婆已点击了“打开”,我的脸一下子红了起来,半夜三更下载这种东西可真够无聊的!<br>\n<br>\n我尴尬地盯着电脑,画面渐渐打开,一个非常年轻而又漂亮的护士出现在画面上,我的脸红到了极点,只见那护士做了个优美的手势,随即出现一行大字:“怎样给婴儿洗澡?”画面上一个个男孩女孩,赤身裸体,果真是不超过20岁,三点全露啊。<br>\n<br>\n老婆忍不住笑了起来:“咱这孩子长大了不孝顺可真对不起你的一番苦心啊!”<br>\n<br>\n@#$!#$!@<br>\n<br>\n		\n                                </div>','','',''),(85,2,'<div style=\"word-wrap:break-word;word-break:break-all\">\n			  	   1.一天晚上，我去吃麻辣烫，挑的正高兴，一个女孩突然在身后问：请问哪个是生菜？<br>\n另一个女孩回答：没下锅前都是啊......<br>\n<br>\n2.有一天，四个倒霉鬼投胎转世，天使小利斯神对他们说，“你们可以从天而降，遇见什么活物，你们就会变成什么。”<br>\n四个小鬼闻言满心欢喜，他们迫不及待的来到人间。第一个人落在麦堆上，他遇到了一个农夫；第二个人在半空中发生意外，撞到了一只乌鸦；第三个人被大风吹进皇宫里，他遇到了一个太监；最后一个人降落在猪圈里。。。<br>\n<br>\n3.小明洗澡时不小心吞下一小块肥皂，他的妈妈慌慌张张地打电话向家庭医生求助。医生说：“我现在还有几个病人在，可能要半小时后才能赶去。” <br>\n小明妈妈说：“在你来之前，我该做什么？”<br>\n医生说：“给小明喝一杯白开水，然后用力跳一跳，你就可以让小明用嘴巴吹泡泡消磨时间了。” <br>\n<br>\n4.有一个胆小鬼，忌讳别人说“死”这个字，一天他病的很严重，昏迷了七天七夜，醒来后，他问医生，“我还能活多久？”<br>\n医生安慰他说，“没什么大事，你不过还要再睡上一段时间。”<br>\n他闻言惊喜的问，“那要多久呢？”<br>\n医生叹了口气，说，“比世界上第一个钟表出现的时间要更加长久些。”<br>\n<br>\n5.妻子十分伤心地对朋友讲：“气死我了，我老公在外面找了一个情人。”<br>\n朋友劝慰她：“事已至此，男人都有花花心，只要他改了就好了。”<br>\n妻子：“他已向我保证，坚决与情人断绝关系。”<br>\n朋友：“那你还生这么大的气干啥？”<br>\n妻子恨恨地说：“我气的是，他找的情人比我还丑？”<br>\n<br>\n6.以前有个上私塾的学生十分顽劣不敏，于是先生对他进行罚跪。<br>\n先生似乎还觉得不够，就题了一句诗，并对该学生说：“如果你能对出下句，就可以免跪，否则只好一直这么跪下去。”<br>\n先生所题上句是：今日学生头叩地，<br>\n学生稍想片刻，不慌不忙地对出下句：昨夜师母脚朝天。<br>\n再看先生，此刻哭笑不得。<br>\n<br>\n7.母亲正在和儿子谈论他的女朋友。母亲问：”她为什么喜欢你？”<br>\n“那很简单，”儿子谦虚他说，“她认为我英俊、能干、聪明、风趣……”<br>\n“那你为什么喜欢她呢？”<br>\n“我就是喜欢她认为我英俊、能干、聪明、风趣。”<br>\n<br>\n8.年轻时,在参加一个舞会时,邀请一位小姐跳舞,可这位小姐傲慢地拒绝了,冷冷的说:\"我不能和小孩子一起跳舞.\"<br>\n我灵机一动,微笑着说:\"对不起,小姐,我不知道您正怀着孩子.\"<br>\n<br>\n9.一校长在学生的毕业典礼上讲话。台下坐着上千人。校长打开讲稿，神色庄严他说：“同学们。”忽然一阵风把讲稿全吹落地。<br>\n校长说：”我的话完了。”<br>\n<br>\n10.兄弟四人在地里干活。<br>\n老大说：“兄弟们，好好干！秋后有钱了让咱爹给咱娶媳妇”。<br>\n老二说：“还说娶媳妇呢，咱家里总共有一个姐姐，还让别人娶走了”。<br>\n老三说：“别瞎说，自己哪能娶自己家里的人”。<br>\n老四说：“咋不能，咱爹没有娶咱娘？”<br>\n<br>\n11.大学时有位室友在校园遇一个美女，一见钟情，每天魂不守舍。一天中午我和他外出吃饭时，见美女进了一家面馆，于是我们也尾随进去。我劝他抓紧表白，于是他鼓足勇气，走上前去，憋红了脸问道：“同学你叫什么？”那美女愣愣地看着我同学：“我叫牛肉面。”室友当时就傻了，我在旁边笑翻了！<br>\n<br>\n12.小张在结婚后第三天碰到老同学，老同学调侃着问道：“怎么样？洞房花烛夜如何。”<br>\n“咳！别提了，好惨哩。”小张挠着头皮说。<br>\n“为什么？出什么岔子了。”<br>\n“不！不！一切都很好，只是人的积习难改。因为太美好了，我第二天早晨在她枕下塞了五百块钱。”<br>\n“我的天哪！那位还不大发雷霆？”<br>\n“如果是那样倒好了。没想到她在半睡半醒中找了我两百块钱。”<br>\n<br>\n13.一个老头的孙儿向他要几块钱，和同学一起去动物园看蟒蛇。老头不悦的说：“干吗去花那个冤枉钱！你拿着我的放大镜去河边看看蚯蚓不就行了！”<br>\n<br>\n14.自从看了聊斋之后，我总在想那些上吊的为什么都会伸出舌头？还有的是，为什么在她们不想死的时候却下不来了？于是自己找了一段绳子，系到吊灯上，找了一个凳子，我倒是试试上吊是什么感觉，于是把脖子放到绳子套里面，接着蹬翻了凳子……上帝保佑！幸好把吊灯给拉掉了，不然后果不堪设想！<br>\n<br>\n15.小杜与老婆到江边散步，遇同事老王夫妻也在江边漫步。晚霞映红江面，老王喜作诗，见此美景，不由信口呤道：“霞染烟波淼，”<br>\n老王妻子随口接呤：“风拂柳絮飘。”<br>\n老王又吟；“借问伊何去？”<br>\n老王妻子又接吟：“与君赴阳台。”<br>\n看到这样的情景，小杜老婆对老公说：“人家多有情趣，好浪漫哟！回家后我俩也学学人家，浪漫浪漫一回。”<br>\n饭后，俩口躺在床上，依样画芦学起老王夫妻吟的诗来.<br>\n小杜先说上句：“霞染烟波淼，”<br>\n老婆想了一刻，说出下句：“风吹黄桶腰。对吗？”<br>\n小杜忍住笑，点点头，又吟：“借问伊何往？”<br>\n老婆想了一刻，也没想起下句是什么。小杜忍不住笑出声，连推带催：“快说快说！”<br>\n老婆恼羞成怒，一脚把小杜踢下床，说：“老娘的下句是，滚下床去睡！”		\n                                </div>','','',''),(86,2,'<div style=\"word-wrap:break-word;word-break:break-all\">\n			  	   妻子说：“孩子不听活，是该打，可你不应该老是扭他的耳朵。”<br><br>“要扭哪儿？”丈夫问。<br><br>“打屁股，那是块死肉。”<br><br>“你真糊涂，屁股听得进话吗？”		\n                                </div>','','',''),(87,2,'<div style=\"word-wrap:break-word;word-break:break-all\">\n			  	   老王和老郑是一对好朋友。<br>有一天，老王被老婆骂了一顿，他不敢反驳；老郑知道后笑话<br>他：<br>“嘿，枉你是个男子汉大丈夫，还怕老婆；人家管我叫做阿猫，<br>但老婆见到我，就像见了老虎一样哩！”<br>老郑老婆在屋里一听这话，怒气冲冲地跑出来，一手揪住老郑<br>的耳朵，喝道：<br>“你是老虎我是什么？”<br>老郑顿时瘫软了，嗫嗫嚅嚅地说：“你……你是武松呗！”		\n                                </div>','','',''),(88,2,'<div style=\"word-wrap:break-word;word-break:break-all\">\n			  	   某君再婚，新婚之夜，灯下看新娘，粉迹深处，皱纹如织，不禁怅然问道：&nbsp;<br><br>“娘子芳龄几何？”&nbsp;<br><br>“四十少二。”&nbsp;<br><br>“不止吧？”&nbsp;<br><br>“你眼力不错，四十有五了。”“你我既然结为夫妻，何必撒谎呢？”&nbsp;<br><br>“实不相瞒，实足年龄已五十四了。”&nbsp;<br><br>上床后，新郎突然想起盐罐没盖，“我得到厨房把盐罐盖上，免得老鼠偷吃。”&nbsp;<br><br>新娘不禁笑了起来：“傻瓜，我活了六十八年，还没有听说老鼠偷吃食盐呢！”		\n                                </div>','','',''),(89,2,'<div style=\"word-wrap:break-word;word-break:break-all\">\n			  	   从前有一只老鼠他很想找一个老婆，可是总是找不到。终于有一天他高兴的对他的朋友讲：“我有老婆了。呵呵！”朋友说：“你怎么不把弟妹领来让我们看看。”他说：“好吧明天。”于是第二天他带来了他夫人。大家看后（狂倒！！）怎么是只蝙蝠！<br><br>“呵呵！这你们就不懂了。我老婆好赖也是个空姐呀！”<br><br>再倒！！！！		\n                                </div>','','',''),(90,2,'<div style=\"word-wrap:break-word;word-break:break-all\">\n			  	   某男因公事要很晚回家,&nbsp;细心的妻子怕丈夫回家后找不到他需要的东西,&nbsp;就在临睡前写了张字条放在桌上:“&nbsp;亲爱的,&nbsp;啤酒在冰箱里第三层,&nbsp;烤鸡在微波炉内,我在床上”。&nbsp;&nbsp;<br>		\n                                </div>','','',''),(91,2,'<div style=\"word-wrap:break-word;word-break:break-all\">\n			  	   &nbsp;&nbsp;&nbsp;&nbsp;妻子向丈夫夸耀自己：“看我多会过日子，衣服几个月洗一次，节省多少肥皂？”丈夫也夸耀自己：“我香烟一支接一支吸，你看，节省多少火柴呀！”<br>&nbsp;<br>		\n                                </div>','','',''),(92,2,'<div style=\"word-wrap:break-word;word-break:break-all\">\n			  	   &nbsp;&nbsp;&nbsp;&nbsp;丈夫对妻子说：“你总爱同邻居攀比，人家换家具，你要我也买一套，人家买了彩电，你也逼着我买。现在，我该怎么办？”<br>&nbsp;&nbsp;&nbsp;“怎么，邻居又买了什么？”<br>&nbsp;&nbsp;&nbsp;“他娶了一个老婆。”<br>&nbsp;<br>		\n                                </div>','','',''),(93,2,'<div style=\"word-wrap:break-word;word-break:break-all\">\n			  	   &nbsp;&nbsp;&nbsp;&nbsp;有夫妻俩吵架，妻是泼妇，脏字骂了一大堆，“你妈的，XXX，去死吧！”好难听的话。夫是教授，不会骂人，但忍无可忍，大叫：“同上，同上！”<br>&nbsp;<br>		\n                                </div>','','',''),(94,2,'<div style=\"word-wrap:break-word;word-break:break-all\">\n			  	   　　妻：你常说梦话，快去医院看看吧。&nbsp;<br>　　夫：可不行，若真治好了，我就没一点发言权了。<br>&nbsp;<br>		\n                                </div>','','',''),(95,2,'<div style=\"word-wrap:break-word;word-break:break-all\">\n			  	   丈夫热衷於钓鱼,他把自己所钓到的大鱼.名贵鱼拍成相片,贴在床头墙壁上,&nbsp;并且一一注上它们的名称.重量以及垂钓地点,乐此不疲.&nbsp;妻子见状,便将自己的玉照挂在丈夫床头,并在旁边注明:&nbsp;美人鱼&nbsp;49.5&nbsp;Kg,钓於人民公园.		\n                                </div>','','',''),(96,2,'<div style=\"word-wrap:break-word;word-break:break-all\">\n			  	   张三的儿媳妇整天在家里闹得不可开交。&nbsp;<br><br>张三没办法，找到媒人李四说：“当初你给咱娃介绍对象的时候，口口声声说是一个好女子，谁知她竟是这样……”&nbsp;<br><br>李四忙解释说：“当初我只说她是个好女子，可没说她是好媳妇呀！”		\n                                </div>','','',''),(97,2,'<div style=\"word-wrap:break-word;word-break:break-all\">\n			  	   一对夫妇久婚不育，他们检查治疗了很久均未凑效。因此他们非常着急。于是女的受一位朋友的推荐，就去看了一个医生。过了不久，女的怀孕了。喜讯传来，他的丈夫高兴得不得了，对老婆说：“我们终于有孩子了，你真行！”他的老婆听了回答说：“不是我行，是那个医生行！”		\n                                </div>','','',''),(98,2,'<div style=\"word-wrap:break-word;word-break:break-all\">\n			  	   一对新婚夫妇去一个小岛度蜜月。在入住的时候老板对他们说:“这个岛电力有问题，估计一小时要停一次电！”于是这小夫妻决定每停一次电就做一次爱。3小时后，丈夫偷偷跑下楼来对老板说：“老板我多给你50元，你能不能2小时停一次电？”老板回答：“怎么不早说&nbsp;你妻子多付了100元要我半小时停一次电！”		\n                                </div>','','',''),(99,2,'<div style=\"word-wrap:break-word;word-break:break-all\">\n			  	   某男，刚刚过完新婚之夜。第二天来到班上就一个劲的叹气。他的一个同事过来关心的问他“你怎么了？”某男无奈的回答道“我今天早上一起来就习惯性的顺手给我的妻子100元钱。”他的同事说“那可坏了。”某男又说“更坏的是我的妻子也习惯性的找了我20元钱。”		\n                                </div>','','',''),(100,2,'加利米安老爹和老伴谈他们的青年时代，对遥远过去的回忆使他们激动不已，于是他们决定像年轻时做的那样，定了个到河边约会的日子。<br><br>届时，老爹采集了鲜花，来到了河边等待，而老太大却觉得叫人看见太难为情。加利米安老爹空等一场，只有回家，他看到了老伴盖着羊皮袄躺在床上。<br><br>老爹嚷起来了：“你怎么敢失约呢？”<br><br>老太太把脸埋在枕头里，羞怯地说：“妈妈不让我去。”		\r\n                                </div>','','','');

/*Table structure for table `xh_archives` */

DROP TABLE IF EXISTS `xh_archives`;

CREATE TABLE `xh_archives` (
  `id` mediumint(8) unsigned NOT NULL auto_increment,
  `typeid` smallint(5) unsigned NOT NULL default '0',
  `typeid2` varchar(90) NOT NULL default '0',
  `sortrank` int(10) unsigned NOT NULL default '0',
  `flag` set('c','h','p','f','s','j','a','b') default NULL,
  `ismake` smallint(6) NOT NULL default '0',
  `channel` smallint(6) NOT NULL default '1',
  `arcrank` smallint(6) NOT NULL default '0',
  `click` mediumint(8) unsigned NOT NULL default '0',
  `money` smallint(6) NOT NULL default '0',
  `title` char(60) NOT NULL default '',
  `shorttitle` char(36) NOT NULL default '',
  `color` char(7) NOT NULL default '',
  `writer` char(20) NOT NULL default '',
  `source` char(30) NOT NULL default '',
  `litpic` char(60) NOT NULL default '',
  `pubdate` int(10) unsigned NOT NULL default '0',
  `senddate` int(10) unsigned NOT NULL default '0',
  `mid` mediumint(8) unsigned NOT NULL default '0',
  `keywords` char(30) NOT NULL default '',
  `lastpost` int(10) unsigned NOT NULL default '0',
  `scores` mediumint(8) NOT NULL default '0',
  `goodpost` mediumint(8) unsigned NOT NULL default '0',
  `badpost` mediumint(8) unsigned NOT NULL default '0',
  `notpost` tinyint(1) unsigned NOT NULL default '0',
  `description` varchar(255) NOT NULL default '',
  `filename` varchar(40) NOT NULL default '',
  `dutyadmin` mediumint(8) unsigned NOT NULL default '0',
  `tackid` int(10) NOT NULL default '0',
  `mtype` mediumint(8) unsigned NOT NULL default '0',
  PRIMARY KEY  (`id`),
  KEY `sortrank` (`sortrank`),
  KEY `mainindex` (`arcrank`,`typeid`,`channel`,`flag`,`mid`),
  KEY `lastpost` (`lastpost`,`scores`,`goodpost`,`badpost`,`notpost`)
) ENGINE=MyISAM DEFAULT CHARSET=utf8;

/*Data for the table `xh_archives` */

insert  into `xh_archives`(`id`,`typeid`,`typeid2`,`sortrank`,`flag`,`ismake`,`channel`,`arcrank`,`click`,`money`,`title`,`shorttitle`,`color`,`writer`,`source`,`litpic`,`pubdate`,`senddate`,`mid`,`keywords`,`lastpost`,`scores`,`goodpost`,`badpost`,`notpost`,`description`,`filename`,`dutyadmin`,`tackid`,`mtype`) values (59,2,'0',0,NULL,1,1,0,0,0,'生命在于运动','','','','','',0,0,0,'',0,0,0,0,0,'','',1,0,0),(60,2,'0',0,NULL,1,1,0,0,0,'偷听夜晚同房事','','','','','',0,0,0,'',0,0,0,0,0,'','',1,0,0),(61,2,'0',0,NULL,1,1,0,3,0,'女人洞房后的脱变','','','','','',0,0,0,'',0,0,0,0,0,'','',1,0,0),(62,2,'0',0,NULL,1,1,0,0,0,'避孕','','','','','',0,0,0,'',0,0,0,0,0,'','',1,0,0),(63,2,'0',0,NULL,1,1,0,0,0,'条件反射','','','','','',0,0,0,'',0,0,0,0,0,'','',1,0,0),(64,2,'0',0,NULL,1,1,0,0,0,'彩色的保险套','','','','','',0,0,0,'',0,0,0,0,0,'','',1,0,0),(65,2,'0',0,NULL,1,1,0,0,0,'新婚夜的忏悔','','','','','',0,0,0,'',0,0,0,0,0,'','',1,0,0),(66,2,'0',0,NULL,1,1,0,0,0,'埋&nbsp;怨','','','','','',0,0,0,'',0,0,0,0,0,'','',1,0,0),(67,2,'0',0,NULL,1,1,0,0,0,'根本没什么胸部','','','','','',0,0,0,'',0,0,0,0,0,'','',1,0,0),(68,2,'0',0,NULL,1,1,0,0,0,'新人赶快入洞房','','','','','',0,0,0,'',0,0,0,0,0,'','',1,0,0),(69,2,'0',0,NULL,1,1,0,0,0,'女孩写给男人看的爆强信','','','','','',0,0,0,'',0,0,0,0,0,'','',1,0,0),(70,2,'0',0,NULL,1,1,0,0,0,'意外的意外','','','','','',0,0,0,'',0,0,0,0,0,'','',1,0,0),(71,2,'0',0,NULL,1,1,0,0,0,'妻脱光倒立镜前','','','','','',0,0,0,'',0,0,0,0,0,'','',1,0,0),(72,2,'0',0,NULL,1,1,0,0,0,'同床异梦&nbsp;','','','','','',0,0,0,'',0,0,0,0,0,'','',1,0,0),(73,2,'0',0,NULL,1,1,0,0,0,'新娘守则','','','','','',0,0,0,'',0,0,0,0,0,'','',1,0,0),(74,2,'0',0,NULL,1,1,0,0,0,'虚&nbsp;惊','','','','','',0,0,0,'',0,0,0,0,0,'','',1,0,0),(75,2,'0',0,NULL,1,1,0,0,0,'哎呀，你为什么会陪我到天荒地老呢！','','','','','',0,0,0,'',0,0,0,0,0,'','',1,0,0),(76,2,'0',0,NULL,1,1,0,0,0,'夫妻不同','','','','','',0,0,0,'',0,0,0,0,0,'','',1,0,0),(77,2,'0',0,NULL,1,1,0,0,0,'公鸡和母鸡','','','','','',0,0,0,'',0,0,0,0,0,'','',1,0,0),(78,2,'0',0,NULL,1,1,0,0,0,'婚恋二十题','','','','','',0,0,0,'',0,0,0,0,0,'','',1,0,0),(79,2,'0',0,NULL,1,1,0,0,0,'你也属于我','','','','','',0,0,0,'',0,0,0,0,0,'','',1,0,0),(80,2,'0',0,NULL,1,1,0,0,0,'一毛钱的爱','','','','','',0,0,0,'',0,0,0,0,0,'','',1,0,0),(81,2,'0',0,NULL,1,1,0,0,0,'本钱小了店面大了','','','','','',0,0,0,'',0,0,0,0,0,'','',1,0,0),(82,2,'0',0,NULL,1,1,0,0,0,'男仆的故事','','','','','',0,0,0,'',0,0,0,0,0,'','',1,0,0),(83,2,'0',0,NULL,1,1,0,0,0,'军人的需要&nbsp;','','','','','',0,0,0,'',0,0,0,0,0,'','',1,0,0),(84,2,'0',0,NULL,1,1,0,0,0,'半夜偷下A片时被老婆抓住','','','','','',0,0,0,'',0,0,0,0,0,'','',1,0,0),(85,2,'0',0,NULL,1,1,0,0,0,'爆笑，绝对百分百的经典笑话15则！','','','','','',0,0,0,'',0,0,0,0,0,'','',1,0,0),(86,2,'0',0,NULL,1,1,0,0,0,'准确部位','','','','','',0,0,0,'',0,0,0,0,0,'','',1,0,0),(87,2,'0',0,NULL,1,1,0,0,0,'你是武松','','','','','',0,0,0,'',0,0,0,0,0,'','',1,0,0),(88,2,'0',0,NULL,1,1,0,0,0,'某君再婚&nbsp;新婚之夜……','','','','','',0,0,0,'',0,0,0,0,0,'','',1,0,0),(89,2,'0',0,NULL,1,1,0,0,0,'空姐','','','','','',0,0,0,'',0,0,0,0,0,'','',1,0,0),(90,2,'0',0,NULL,1,1,0,0,0,'细心的太太&nbsp;','','','','','',0,0,0,'',0,0,0,0,0,'','',1,0,0),(91,2,'0',0,NULL,1,1,0,0,0,'节约','','','','','',0,0,0,'',0,0,0,0,0,'','',1,0,0),(92,2,'0',0,NULL,1,1,0,0,0,'攀比','','','','','',0,0,0,'',0,0,0,0,0,'','',1,0,0),(93,2,'0',0,NULL,1,1,0,0,0,'同上','','','','','',0,0,0,'',0,0,0,0,0,'','',1,0,0),(94,2,'0',0,NULL,1,1,0,0,0,'发言权','','','','','',0,0,0,'',0,0,0,0,0,'','',1,0,0),(95,2,'0',0,NULL,1,1,0,0,0,'钓鱼','','','','','',0,0,0,'',0,0,0,0,0,'','',1,0,0),(96,2,'0',0,NULL,1,1,0,0,0,'好女子','','','','','',0,0,0,'',0,0,0,0,0,'','',1,0,0),(97,2,'0',0,NULL,1,1,0,0,0,'不是我行是他行','','','','','',0,0,0,'',0,0,0,0,0,'','',1,0,0),(98,2,'0',0,NULL,1,1,0,0,0,'停电','','','','','',0,0,0,'',0,0,0,0,0,'','',1,0,0),(99,2,'0',0,NULL,1,1,0,0,0,'习惯了','','','','','',0,0,0,'',0,0,0,0,0,'','',1,0,0),(100,2,'0',0,NULL,1,1,0,0,0,'重温旧梦','','','','','',0,0,0,'',0,0,0,0,0,'','',1,0,0);

/*!40101 SET SQL_MODE=@OLD_SQL_MODE */;
/*!40014 SET FOREIGN_KEY_CHECKS=@OLD_FOREIGN_KEY_CHECKS */;
